/*
Navicat MySQL Data Transfer

Source Server         : localhost
Source Server Version : 50719
Source Host           : localhost:3306
Source Database       : mall_tiny

Target Server Type    : MYSQL
Target Server Version : 50719
File Encoding         : 65001

Date: 2019-08-04 15:31:57
*/

SET FOREIGN_KEY_CHECKS=0;

-- ----------------------------
-- Table structure for pms_brand
-- ----------------------------
DROP TABLE IF EXISTS `pms_brand`;
CREATE TABLE `pms_brand` (
  `id` bigint(20) NOT NULL AUTO_INCREMENT,
  `name` varchar(64) DEFAULT NULL,
  `first_letter` varchar(8) DEFAULT NULL COMMENT '首字母',
  `sort` int(11) DEFAULT NULL,
  `factory_status` int(1) DEFAULT NULL COMMENT '是否为品牌制造商：0->不是；1->是',
  `show_status` int(1) DEFAULT NULL,
  `product_count` int(11) DEFAULT NULL COMMENT '产品数量',
  `product_comment_count` int(11) DEFAULT NULL COMMENT '产品评论数量',
  `logo` varchar(255) DEFAULT NULL COMMENT '品牌logo',
  `big_pic` varchar(255) DEFAULT NULL COMMENT '专区大图',
  `brand_story` text COMMENT '品牌故事',
  PRIMARY KEY (`id`)
) ENGINE=InnoDB AUTO_INCREMENT=59 DEFAULT CHARSET=utf8 COMMENT='品牌表';

-- ----------------------------
-- Records of pms_brand
-- ----------------------------
INSERT INTO `pms_brand` VALUES ('1', '万和', 'W', '0', '1', '1', '100', '100', 'http://macro-oss.oss-cn-shenzhen.aliyuncs.com/mall/images/20180607/timg(5).jpg', '', 'Victoria\'s Secret的故事');
INSERT INTO `pms_brand` VALUES ('2', '三星', 'S', '100', '1', '1', '100', '100', 'http://macro-oss.oss-cn-shenzhen.aliyuncs.com/mall/images/20180607/timg (1).jpg', null, '三星的故事');
INSERT INTO `pms_brand` VALUES ('3', '华为', 'H', '100', '1', '1', '100', '100', 'http://macro-oss.oss-cn-shenzhen.aliyuncs.com/mall/images/20190129/17f2dd9756d9d333bee8e60ce8c03e4c_222_222.jpg', null, 'Victoria\'s Secret的故事');
INSERT INTO `pms_brand` VALUES ('4', '格力', 'G', '30', '1', '1', '100', '100', 'http://macro-oss.oss-cn-shenzhen.aliyuncs.com/mall/images/20190129/dc794e7e74121272bbe3ce9bc41ec8c3_222_222.jpg', null, 'Victoria\'s Secret的故事');
INSERT INTO `pms_brand` VALUES ('5', '方太', 'F', '20', '1', '1', '100', '100', 'http://macro-oss.oss-cn-shenzhen.aliyuncs.com/mall/images/20180607/timg (4).jpg', null, 'Victoria\'s Secret的故事');
INSERT INTO `pms_brand` VALUES ('6', '小米', 'M', '500', '1', '1', '100', '100', 'http://macro-oss.oss-cn-shenzhen.aliyuncs.com/mall/images/20190129/1e34aef2a409119018a4c6258e39ecfb_222_222.png', 'http://macro-oss.oss-cn-shenzhen.aliyuncs.com/mall/images/20180518/5afd7778Nf7800b75.jpg', '小米手机的故事');
INSERT INTO `pms_brand` VALUES ('21', 'OPPO', 'O', '0', '1', '1', '88', '500', 'http://macro-oss.oss-cn-shenzhen.aliyuncs.com/mall/images/20180607/timg(6).jpg', '', 'string');
INSERT INTO `pms_brand` VALUES ('49', '七匹狼', 'S', '200', '1', '1', '77', '400', 'http://macro-oss.oss-cn-shenzhen.aliyuncs.com/mall/images/20190129/18d8bc3eb13533fab466d702a0d3fd1f40345bcd.jpg', null, 'BOOB的故事');
INSERT INTO `pms_brand` VALUES ('50', '海澜之家', 'H', '200', '1', '1', '66', '300', 'http://macro-oss.oss-cn-shenzhen.aliyuncs.com/mall/images/20190129/99d3279f1029d32b929343b09d3c72de_222_222.jpg', '', '海澜之家的故事');
INSERT INTO `pms_brand` VALUES ('51', '苹果', 'A', '200', '1', '1', '55', '200', 'http://macro-oss.oss-cn-shenzhen.aliyuncs.com/mall/images/20180607/timg.jpg', null, '苹果的故事');
INSERT INTO `pms_brand` VALUES ('58', 'NIKE', 'N', '0', '1', '1', '33', '100', 'http://macro-oss.oss-cn-shenzhen.aliyuncs.com/mall/images/20180615/timg (51).jpg', '', 'NIKE的故事');

-- ----------------------------
-- Table structure for pms_product
-- ----------------------------
DROP TABLE IF EXISTS `pms_product`;
CREATE TABLE `pms_product` (
  `id` bigint(20) NOT NULL AUTO_INCREMENT,
  `brand_id` bigint(20) DEFAULT NULL,
  `product_category_id` bigint(20) DEFAULT NULL,
  `feight_template_id` bigint(20) DEFAULT NULL,
  `product_attribute_category_id` bigint(20) DEFAULT NULL,
  `name` varchar(64) NOT NULL,
  `pic` varchar(255) DEFAULT NULL,
  `product_sn` varchar(64) NOT NULL COMMENT '货号',
  `delete_status` int(1) DEFAULT NULL COMMENT '删除状态：0->未删除；1->已删除',
  `publish_status` int(1) DEFAULT NULL COMMENT '上架状态：0->下架；1->上架',
  `new_status` int(1) DEFAULT NULL COMMENT '新品状态:0->不是新品；1->新品',
  `recommand_status` int(1) DEFAULT NULL COMMENT '推荐状态；0->不推荐；1->推荐',
  `verify_status` int(1) DEFAULT NULL COMMENT '审核状态：0->未审核；1->审核通过',
  `sort` int(11) DEFAULT NULL COMMENT '排序',
  `sale` int(11) DEFAULT NULL COMMENT '销量',
  `price` decimal(10,2) DEFAULT NULL,
  `promotion_price` decimal(10,2) DEFAULT NULL COMMENT '促销价格',
  `gift_growth` int(11) DEFAULT '0' COMMENT '赠送的成长值',
  `gift_point` int(11) DEFAULT '0' COMMENT '赠送的积分',
  `use_point_limit` int(11) DEFAULT NULL COMMENT '限制使用的积分数',
  `sub_title` varchar(255) DEFAULT NULL COMMENT '副标题',
  `description` text COMMENT '商品描述',
  `original_price` decimal(10,2) DEFAULT NULL COMMENT '市场价',
  `stock` int(11) DEFAULT NULL COMMENT '库存',
  `low_stock` int(11) DEFAULT NULL COMMENT '库存预警值',
  `unit` varchar(16) DEFAULT NULL COMMENT '单位',
  `weight` decimal(10,2) DEFAULT NULL COMMENT '商品重量，默认为克',
  `preview_status` int(1) DEFAULT NULL COMMENT '是否为预告商品：0->不是；1->是',
  `service_ids` varchar(64) DEFAULT NULL COMMENT '以逗号分割的产品服务：1->无忧退货；2->快速退款；3->免费包邮',
  `keywords` varchar(255) DEFAULT NULL,
  `note` varchar(255) DEFAULT NULL,
  `album_pics` varchar(255) DEFAULT NULL COMMENT '画册图片，连产品图片限制为5张，以逗号分割',
  `detail_title` varchar(255) DEFAULT NULL,
  `detail_desc` text,
  `detail_html` text COMMENT '产品详情网页内容',
  `detail_mobile_html` text COMMENT '移动端网页详情',
  `promotion_start_time` datetime DEFAULT NULL COMMENT '促销开始时间',
  `promotion_end_time` datetime DEFAULT NULL COMMENT '促销结束时间',
  `promotion_per_limit` int(11) DEFAULT NULL COMMENT '活动限购数量',
  `promotion_type` int(1) DEFAULT NULL COMMENT '促销类型：0->没有促销使用原价;1->使用促销价；2->使用会员价；3->使用阶梯价格；4->使用满减价格；5->限时购',
  `brand_name` varchar(255) DEFAULT NULL COMMENT '品牌名称',
  `product_category_name` varchar(255) DEFAULT NULL COMMENT '商品分类名称',
  PRIMARY KEY (`id`)
) ENGINE=InnoDB AUTO_INCREMENT=37 DEFAULT CHARSET=utf8 COMMENT='商品信息';

-- ----------------------------
-- Records of pms_product
-- ----------------------------
INSERT INTO `pms_product` VALUES ('1', '49', '7', '0', '0', '银色星芒刺绣网纱底裤', 'http://macro-oss.oss-cn-shenzhen.aliyuncs.com/mall/images/20180522/web.png', 'No86577', '1', '1', '1', '1', '1', '100', '0', '100.00', null, '0', '100', null, '111', '111', '120.00', '100', '20', '件', '1000.00', '0', null, '银色星芒刺绣网纱底裤', '银色星芒刺绣网纱底裤', null, '银色星芒刺绣网纱底裤', '银色星芒刺绣网纱底裤', '银色星芒刺绣网纱底裤', '银色星芒刺绣网纱底裤', null, null, null, '0', '七匹狼', '外套');
INSERT INTO `pms_product` VALUES ('2', '49', '7', '0', '0', '银色星芒刺绣网纱底裤2', 'http://macro-oss.oss-cn-shenzhen.aliyuncs.com/mall/images/20180522/web.png', 'No86578', '1', '1', '1', '1', '1', '1', '0', '100.00', null, '0', '100', null, '111', '111', '120.00', '100', '20', '件', '1000.00', '0', null, '银色星芒刺绣网纱底裤2', '银色星芒刺绣网纱底裤', null, '银色星芒刺绣网纱底裤', '银色星芒刺绣网纱底裤', '<p>银色星芒刺绣网纱底裤</p>', '<p>银色星芒刺绣网纱底裤</p>', null, null, null, '0', '七匹狼', '外套');
INSERT INTO `pms_product` VALUES ('3', '1', '7', '0', '0', '银色星芒刺绣网纱底裤3', 'http://macro-oss.oss-cn-shenzhen.aliyuncs.com/mall/images/20180522/web.png', 'No86579', '1', '1', '1', '1', '1', '1', '0', '100.00', null, '0', '100', null, '111', '111', '120.00', '100', '20', '件', '1000.00', '0', null, '银色星芒刺绣网纱底裤3', '银色星芒刺绣网纱底裤', null, '银色星芒刺绣网纱底裤', '银色星芒刺绣网纱底裤', '银色星芒刺绣网纱底裤', '银色星芒刺绣网纱底裤', null, null, null, '0', '万和', '外套');
INSERT INTO `pms_product` VALUES ('4', '1', '7', '0', '0', '银色星芒刺绣网纱底裤4', 'http://macro-oss.oss-cn-shenzhen.aliyuncs.com/mall/images/20180522/web.png', 'No86580', '1', '1', '1', '1', '1', '1', '0', '100.00', null, '0', '100', null, '111', '111', '120.00', '100', '20', '件', '1000.00', '0', null, '银色星芒刺绣网纱底裤4', '银色星芒刺绣网纱底裤', null, '银色星芒刺绣网纱底裤', '银色星芒刺绣网纱底裤', '银色星芒刺绣网纱底裤', '银色星芒刺绣网纱底裤', null, null, null, '0', '万和', '外套');
INSERT INTO `pms_product` VALUES ('5', '1', '7', '0', '0', '银色星芒刺绣网纱底裤5', 'http://macro-oss.oss-cn-shenzhen.aliyuncs.com/mall/images/20180522/web.png', 'No86581', '1', '0', '1', '1', '1', '1', '0', '100.00', null, '0', '100', null, '111', '111', '120.00', '100', '20', '件', '1000.00', '0', null, '银色星芒刺绣网纱底裤5', '银色星芒刺绣网纱底裤', null, '银色星芒刺绣网纱底裤', '银色星芒刺绣网纱底裤', '银色星芒刺绣网纱底裤', '银色星芒刺绣网纱底裤', null, null, null, '0', '万和', '外套');
INSERT INTO `pms_product` VALUES ('6', '1', '7', '0', '0', '银色星芒刺绣网纱底裤6', 'http://macro-oss.oss-cn-shenzhen.aliyuncs.com/mall/images/20180522/web.png', 'No86582', '1', '1', '1', '1', '1', '1', '0', '100.00', null, '0', '100', null, '111', '111', '120.00', '100', '20', '件', '1000.00', '0', null, '银色星芒刺绣网纱底裤6', '银色星芒刺绣网纱底裤', null, '银色星芒刺绣网纱底裤', '银色星芒刺绣网纱底裤', '银色星芒刺绣网纱底裤', '银色星芒刺绣网纱底裤', null, null, null, '0', '万和', '外套');
INSERT INTO `pms_product` VALUES ('7', '1', '7', '0', '1', '女式超柔软拉毛运动开衫', 'http://macro-oss.oss-cn-shenzhen.aliyuncs.com/mall/images/20180522/web.png', 'No86577', '1', '0', '0', '0', '0', '0', '0', '249.00', '0.00', '0', '100', '0', '匠心剪裁，垂感质地', '匠心剪裁，垂感质地', '299.00', '100', '0', '件', '0.00', '0', 'string', '女式超柔软拉毛运动开衫', 'string', 'string', 'string', 'string', 'string', 'string', '2018-04-26 10:41:03', '2018-04-26 10:41:03', '0', '0', '万和', '外套');
INSERT INTO `pms_product` VALUES ('8', '1', '7', '0', '1', '女式超柔软拉毛运动开衫1', 'http://macro-oss.oss-cn-shenzhen.aliyuncs.com/mall/images/20180522/web.png', 'No86577', '1', '0', '0', '0', '0', '0', '0', '249.00', '0.00', '0', '100', '0', '匠心剪裁，垂感质地', '匠心剪裁，垂感质地', '299.00', '100', '0', '件', '0.00', '0', 'string', '女式超柔软拉毛运动开衫', 'string', 'string', 'string', 'string', 'string', 'string', '2018-04-26 10:41:03', '2018-04-26 10:41:03', '0', '0', '万和', '外套');
INSERT INTO `pms_product` VALUES ('9', '1', '7', '0', '1', '女式超柔软拉毛运动开衫1', 'http://macro-oss.oss-cn-shenzhen.aliyuncs.com/mall/images/20180522/web.png', 'No86577', '1', '0', '0', '0', '0', '0', '0', '249.00', '0.00', '0', '100', '0', '匠心剪裁，垂感质地', '匠心剪裁，垂感质地', '299.00', '100', '0', '件', '0.00', '0', 'string', '女式超柔软拉毛运动开衫', 'string', 'string', 'string', 'string', 'string', 'string', '2018-04-26 10:41:03', '2018-04-26 10:41:03', '0', '0', '万和', '外套');
INSERT INTO `pms_product` VALUES ('10', '1', '7', '0', '1', '女式超柔软拉毛运动开衫1', 'http://macro-oss.oss-cn-shenzhen.aliyuncs.com/mall/images/20180522/web.png', 'No86577', '1', '0', '0', '0', '0', '0', '0', '249.00', '0.00', '0', '100', '0', '匠心剪裁，垂感质地', '匠心剪裁，垂感质地', '299.00', '100', '0', '件', '0.00', '0', 'string', '女式超柔软拉毛运动开衫', 'string', 'string', 'string', 'string', 'string', 'string', '2018-04-26 10:41:03', '2018-04-26 10:41:03', '0', '0', '万和', '外套');
INSERT INTO `pms_product` VALUES ('11', '1', '7', '0', '1', '女式超柔软拉毛运动开衫1', 'http://macro-oss.oss-cn-shenzhen.aliyuncs.com/mall/images/20180522/web.png', 'No86577', '1', '1', '0', '1', '0', '0', '0', '249.00', '0.00', '0', '100', '0', '匠心剪裁，垂感质地', '匠心剪裁，垂感质地', '299.00', '100', '0', '件', '0.00', '0', 'string', '女式超柔软拉毛运动开衫', 'string', 'string', 'string', 'string', 'string', 'string', '2018-04-26 10:41:03', '2018-04-26 10:41:03', '0', '0', '万和', '外套');
INSERT INTO `pms_product` VALUES ('12', '1', '7', '0', '1', '女式超柔软拉毛运动开衫2', 'http://macro-oss.oss-cn-shenzhen.aliyuncs.com/mall/images/20180522/web.png', 'No86577', '1', '1', '0', '1', '0', '0', '0', '249.00', '0.00', '0', '100', '0', '匠心剪裁，垂感质地', '匠心剪裁，垂感质地', '299.00', '100', '0', '件', '0.00', '0', 'string', '女式超柔软拉毛运动开衫', 'string', 'string', 'string', 'string', 'string', 'string', '2018-04-26 10:41:03', '2018-04-26 10:41:03', '0', '0', '万和', '外套');
INSERT INTO `pms_product` VALUES ('13', '1', '7', '0', '1', '女式超柔软拉毛运动开衫3', 'http://macro-oss.oss-cn-shenzhen.aliyuncs.com/mall/images/20180522/web.png', 'No86577', '1', '1', '0', '1', '0', '0', '0', '249.00', '0.00', '0', '100', '0', '匠心剪裁，垂感质地', '匠心剪裁，垂感质地', '299.00', '100', '0', '件', '0.00', '0', 'string', '女式超柔软拉毛运动开衫', 'string', 'string', 'string', 'string', 'string', 'string', '2018-04-26 10:41:03', '2018-04-26 10:41:03', '0', '0', '万和', '外套');
INSERT INTO `pms_product` VALUES ('14', '1', '7', '0', '1', '女式超柔软拉毛运动开衫3', 'http://macro-oss.oss-cn-shenzhen.aliyuncs.com/mall/images/20180522/web.png', 'No86577', '1', '0', '0', '1', '0', '0', '0', '249.00', '0.00', '0', '100', '0', '匠心剪裁，垂感质地', '匠心剪裁，垂感质地', '299.00', '100', '0', '件', '0.00', '0', 'string', '女式超柔软拉毛运动开衫', 'string', 'string', 'string', 'string', 'string', 'string', '2018-04-26 10:41:03', '2018-04-26 10:41:03', '0', '0', '万和', '外套');
INSERT INTO `pms_product` VALUES ('18', '1', '7', '0', '1', '女式超柔软拉毛运动开衫3', 'http://macro-oss.oss-cn-shenzhen.aliyuncs.com/mall/images/20180522/web.png', 'No86577', '1', '0', '0', '1', '0', '0', '0', '249.00', '0.00', '0', '100', '0', '匠心剪裁，垂感质地', '匠心剪裁，垂感质地', '299.00', '100', '0', '件', '0.00', '0', 'string', '女式超柔软拉毛运动开衫', 'string', 'string', 'string', 'string', 'string', 'string', '2018-04-26 10:41:03', '2018-04-26 10:41:03', '0', '0', '万和', '外套');
INSERT INTO `pms_product` VALUES ('22', '6', '7', '0', '1', 'test', 'http://macro-oss.oss-cn-shenzhen.aliyuncs.com/mall/images/20180604/1522738681.jpg', '', '1', '1', '0', '0', '0', '0', '0', '0.00', null, '0', '0', '0', 'test', '', '0.00', '100', '0', '', '0.00', '1', '1,2', '', '', '', '', '', '', '', null, null, '0', '0', '小米', '外套');
INSERT INTO `pms_product` VALUES ('23', '6', '19', '0', '1', '毛衫测试', 'http://macro-oss.oss-cn-shenzhen.aliyuncs.com/mall/images/20180604/1522738681.jpg', 'NO.1098', '1', '1', '1', '1', '0', '0', '0', '99.00', null, '99', '99', '1000', '毛衫测试11', 'xxx', '109.00', '100', '0', '件', '1000.00', '1', '1,2,3', '毛衫测试', '毛衫测试', 'http://macro-oss.oss-cn-shenzhen.aliyuncs.com/mall/images/20180604/1522738681.jpg,http://macro-oss.oss-cn-shenzhen.aliyuncs.com/mall/images/20180604/1522738681.jpg', '毛衫测试', '毛衫测试', '<p><img class=\"wscnph\" src=\"http://macro-oss.oss-cn-shenzhen.aliyuncs.com/mall/images/20180604/155x54.bmp\" /><img class=\"wscnph\" src=\"http://macro-oss.oss-cn-shenzhen.aliyuncs.com/mall/images/20180604/APP登录bg1080.jpg\" width=\"500\" height=\"500\" /><img class=\"wscnph\" src=\"http://macro-oss.oss-cn-shenzhen.aliyuncs.com/mall/images/20180604/APP登录界面.jpg\" width=\"500\" height=\"500\" /></p>', '', null, null, '0', '2', '小米', '手机通讯');
INSERT INTO `pms_product` VALUES ('24', '6', '7', '0', null, 'xxx', '', '', '1', '0', '0', '0', '0', '0', '0', '0.00', null, '0', '0', '0', 'xxx', '', '0.00', '100', '0', '', '0.00', '0', '', '', '', '', '', '', '', '', null, null, '0', '0', '小米', '外套');
INSERT INTO `pms_product` VALUES ('26', '3', '19', '0', '3', '华为 HUAWEI P20 ', 'http://macro-oss.oss-cn-shenzhen.aliyuncs.com/mall/images/20180607/5ac1bf58Ndefaac16.jpg', '6946605', '0', '1', '1', '1', '0', '100', '0', '3788.00', null, '3788', '3788', '0', 'AI智慧全面屏 6GB +64GB 亮黑色 全网通版 移动联通电信4G手机 双卡双待手机 双卡双待', '', '4288.00', '1000', '0', '件', '0.00', '1', '2,3,1', '', '', 'http://macro-oss.oss-cn-shenzhen.aliyuncs.com/mall/images/20180607/5ab46a3cN616bdc41.jpg,http://macro-oss.oss-cn-shenzhen.aliyuncs.com/mall/images/20180607/5ac1bf5fN2522b9dc.jpg', '', '', '<p><img class=\"wscnph\" src=\"http://macro-oss.oss-cn-shenzhen.aliyuncs.com/mall/images/20180607/5ad44f1cNf51f3bb0.jpg\" /><img class=\"wscnph\" src=\"http://macro-oss.oss-cn-shenzhen.aliyuncs.com/mall/images/20180607/5ad44fa8Nfcf71c10.jpg\" /><img class=\"wscnph\" src=\"http://macro-oss.oss-cn-shenzhen.aliyuncs.com/mall/images/20180607/5ad44fa9N40e78ee0.jpg\" /><img class=\"wscnph\" src=\"http://macro-oss.oss-cn-shenzhen.aliyuncs.com/mall/images/20180607/5ad457f4N1c94bdda.jpg\" /><img class=\"wscnph\" src=\"http://macro-oss.oss-cn-shenzhen.aliyuncs.com/mall/images/20180607/5ad457f5Nd30de41d.jpg\" /><img class=\"wscnph\" src=\"http://macro-oss.oss-cn-shenzhen.aliyuncs.com/mall/images/20180607/5b10fb0eN0eb053fb.jpg\" /></p>', '', null, null, '0', '1', '华为', '手机通讯');
INSERT INTO `pms_product` VALUES ('27', '6', '19', '0', '3', '小米8 全面屏游戏智能手机 6GB+64GB 黑色 全网通4G 双卡双待', 'http://macro-oss.oss-cn-shenzhen.aliyuncs.com/mall/images/20180615/xiaomi.jpg', '7437788', '0', '1', '1', '1', '0', '0', '0', '2699.00', null, '2699', '2699', '0', '骁龙845处理器，红外人脸解锁，AI变焦双摄，AI语音助手小米6X低至1299，点击抢购', '小米8 全面屏游戏智能手机 6GB+64GB 黑色 全网通4G 双卡双待', '2699.00', '100', '0', '', '0.00', '0', '', '', '', '', '', '', '<p><img class=\"wscnph\" src=\"http://macro-oss.oss-cn-shenzhen.aliyuncs.com/mall/images/20180615/5b2254e8N414e6d3a.jpg\" width=\"500\" /></p>', '', null, null, '0', '3', '小米', '手机通讯');
INSERT INTO `pms_product` VALUES ('28', '6', '19', '0', '3', '小米 红米5A 全网通版 3GB+32GB 香槟金 移动联通电信4G手机 双卡双待', 'http://macro-oss.oss-cn-shenzhen.aliyuncs.com/mall/images/20180615/5a9d248cN071f4959.jpg', '7437789', '0', '1', '1', '1', '0', '0', '0', '649.00', null, '649', '649', '0', '8天超长待机，137g轻巧机身，高通骁龙处理器小米6X低至1299，点击抢购', '', '649.00', '100', '0', '', '0.00', '0', '', '', '', '', '', '', '', '', null, null, '0', '4', '小米', '手机通讯');
INSERT INTO `pms_product` VALUES ('29', '51', '19', '0', '3', 'Apple iPhone 8 Plus 64GB 红色特别版 移动联通电信4G手机', 'http://macro-oss.oss-cn-shenzhen.aliyuncs.com/mall/images/20180615/5acc5248N6a5f81cd.jpg', '7437799', '0', '1', '1', '0', '0', '0', '0', '5499.00', null, '5499', '5499', '0', '【限时限量抢购】Apple产品年中狂欢节，好物尽享，美在智慧！速来 >> 勾选[保障服务][原厂保2年]，获得AppleCare+全方位服务计划，原厂延保售后无忧。', '', '5499.00', '100', '0', '', '0.00', '0', '', '', '', '', '', '', '', '', null, null, '0', '0', '苹果', '手机通讯');
INSERT INTO `pms_product` VALUES ('30', '50', '8', '0', '1', 'HLA海澜之家简约动物印花短袖T恤', 'http://macro-oss.oss-cn-shenzhen.aliyuncs.com/mall/images/20180615/5ad83a4fN6ff67ecd.jpg!cc_350x449.jpg', 'HNTBJ2E042A', '0', '1', '1', '1', '0', '0', '0', '98.00', null, '0', '0', '0', '2018夏季新品微弹舒适新款短T男生 6月6日-6月20日，满300减30，参与互动赢百元礼券，立即分享赢大奖', '', '98.00', '100', '0', '', '0.00', '0', '', '', '', '', '', '', '', '', null, null, '0', '0', '海澜之家', 'T恤');
INSERT INTO `pms_product` VALUES ('31', '50', '8', '0', '1', 'HLA海澜之家蓝灰花纹圆领针织布短袖T恤', 'http://macro-oss.oss-cn-shenzhen.aliyuncs.com/mall/images/20180615/5ac98b64N70acd82f.jpg!cc_350x449.jpg', 'HNTBJ2E080A', '0', '1', '0', '0', '0', '0', '0', '98.00', null, '0', '0', '0', '2018夏季新品短袖T恤男HNTBJ2E080A 蓝灰花纹80 175/92A/L80A 蓝灰花纹80 175/92A/L', '', '98.00', '100', '0', '', '0.00', '0', '', '', '', '', '', '', '', '', null, null, '0', '0', '海澜之家', 'T恤');
INSERT INTO `pms_product` VALUES ('32', '50', '8', '0', null, 'HLA海澜之家短袖T恤男基础款', 'http://macro-oss.oss-cn-shenzhen.aliyuncs.com/mall/images/20180615/5a51eb88Na4797877.jpg', 'HNTBJ2E153A', '0', '1', '0', '0', '0', '0', '0', '68.00', null, '0', '0', '0', 'HLA海澜之家短袖T恤男基础款简约圆领HNTBJ2E153A藏青(F3)175/92A(50)', '', '68.00', '100', '0', '', '0.00', '0', '', '', '', '', '', '', '', '', null, null, '0', '0', '海澜之家', 'T恤');
INSERT INTO `pms_product` VALUES ('33', '6', '35', '0', null, '小米（MI）小米电视4A ', 'http://macro-oss.oss-cn-shenzhen.aliyuncs.com/mall/images/20180615/5b02804dN66004d73.jpg', '4609652', '0', '1', '0', '0', '0', '0', '0', '2499.00', null, '0', '0', '0', '小米（MI）小米电视4A 55英寸 L55M5-AZ/L55M5-AD 2GB+8GB HDR 4K超高清 人工智能网络液晶平板电视', '', '2499.00', '100', '0', '', '0.00', '0', '', '', '', '', '', '', '', '', null, null, '0', '0', '小米', '手机数码');
INSERT INTO `pms_product` VALUES ('34', '6', '35', '0', null, '小米（MI）小米电视4A 65英寸', 'http://macro-oss.oss-cn-shenzhen.aliyuncs.com/mall/images/20180615/5b028530N51eee7d4.jpg', '4609660', '0', '1', '0', '0', '0', '0', '0', '3999.00', null, '0', '0', '0', ' L65M5-AZ/L65M5-AD 2GB+8GB HDR 4K超高清 人工智能网络液晶平板电视', '', '3999.00', '100', '0', '', '0.00', '0', '', '', '', '', '', '', '', '', null, null, '0', '0', '小米', '手机数码');
INSERT INTO `pms_product` VALUES ('35', '58', '29', '0', null, '耐克NIKE 男子 休闲鞋 ROSHE RUN 运动鞋 511881-010黑色41码', 'http://macro-oss.oss-cn-shenzhen.aliyuncs.com/mall/images/20180615/5b235bb9Nf606460b.jpg', '6799342', '0', '1', '0', '0', '0', '0', '0', '369.00', null, '0', '0', '0', '耐克NIKE 男子 休闲鞋 ROSHE RUN 运动鞋 511881-010黑色41码', '', '369.00', '100', '0', '', '0.00', '0', '', '', '', '', '', '', '', '', null, null, '0', '0', 'NIKE', '男鞋');
INSERT INTO `pms_product` VALUES ('36', '58', '29', '0', null, '耐克NIKE 男子 气垫 休闲鞋 AIR MAX 90 ESSENTIAL 运动鞋 AJ1285-101白色41码', 'http://macro-oss.oss-cn-shenzhen.aliyuncs.com/mall/images/20180615/5b19403eN9f0b3cb8.jpg', '6799345', '0', '1', '1', '1', '0', '0', '0', '499.00', null, '0', '0', '0', '耐克NIKE 男子 气垫 休闲鞋 AIR MAX 90 ESSENTIAL 运动鞋 AJ1285-101白色41码', '', '499.00', '100', '0', '', '0.00', '0', '', '', '', '', '', '', '', '', null, null, '0', '0', 'NIKE', '男鞋');

-- ----------------------------
-- Table structure for pms_product_attribute
-- ----------------------------
DROP TABLE IF EXISTS `pms_product_attribute`;
CREATE TABLE `pms_product_attribute` (
  `id` bigint(20) NOT NULL AUTO_INCREMENT,
  `product_attribute_category_id` bigint(20) DEFAULT NULL,
  `name` varchar(64) DEFAULT NULL,
  `select_type` int(1) DEFAULT NULL COMMENT '属性选择类型：0->唯一；1->单选；2->多选',
  `input_type` int(1) DEFAULT NULL COMMENT '属性录入方式：0->手工录入；1->从列表中选取',
  `input_list` varchar(255) DEFAULT NULL COMMENT '可选值列表，以逗号隔开',
  `sort` int(11) DEFAULT NULL COMMENT '排序字段：最高的可以单独上传图片',
  `filter_type` int(1) DEFAULT NULL COMMENT '分类筛选样式：1->普通；1->颜色',
  `search_type` int(1) DEFAULT NULL COMMENT '检索类型；0->不需要进行检索；1->关键字检索；2->范围检索',
  `related_status` int(1) DEFAULT NULL COMMENT '相同属性产品是否关联；0->不关联；1->关联',
  `hand_add_status` int(1) DEFAULT NULL COMMENT '是否支持手动新增；0->不支持；1->支持',
  `type` int(1) DEFAULT NULL COMMENT '属性的类型；0->规格；1->参数',
  PRIMARY KEY (`id`)
) ENGINE=InnoDB AUTO_INCREMENT=49 DEFAULT CHARSET=utf8 COMMENT='商品属性参数表';

-- ----------------------------
-- Records of pms_product_attribute
-- ----------------------------
INSERT INTO `pms_product_attribute` VALUES ('1', '1', '尺寸', '2', '1', 'M,X,XL,2XL,3XL,4XL', '0', '0', '0', '0', '0', '0');
INSERT INTO `pms_product_attribute` VALUES ('7', '1', '颜色', '2', '1', '黑色,红色,白色,粉色', '100', '0', '0', '0', '1', '0');
INSERT INTO `pms_product_attribute` VALUES ('13', '0', '上市年份', '1', '1', '2013年,2014年,2015年,2016年,2017年', '0', '0', '0', '0', '0', '1');
INSERT INTO `pms_product_attribute` VALUES ('14', '0', '上市年份1', '1', '1', '2013年,2014年,2015年,2016年,2017年', '0', '0', '0', '0', '0', '1');
INSERT INTO `pms_product_attribute` VALUES ('15', '0', '上市年份2', '1', '1', '2013年,2014年,2015年,2016年,2017年', '0', '0', '0', '0', '0', '1');
INSERT INTO `pms_product_attribute` VALUES ('16', '0', '上市年份3', '1', '1', '2013年,2014年,2015年,2016年,2017年', '0', '0', '0', '0', '0', '1');
INSERT INTO `pms_product_attribute` VALUES ('17', '0', '上市年份4', '1', '1', '2013年,2014年,2015年,2016年,2017年', '0', '0', '0', '0', '0', '1');
INSERT INTO `pms_product_attribute` VALUES ('18', '0', '上市年份5', '1', '1', '2013年,2014年,2015年,2016年,2017年', '0', '0', '0', '0', '0', '1');
INSERT INTO `pms_product_attribute` VALUES ('19', '0', '适用对象', '1', '1', '青年女性,中年女性', '0', '0', '0', '0', '0', '1');
INSERT INTO `pms_product_attribute` VALUES ('20', '0', '适用对象1', '2', '1', '青年女性,中年女性', '0', '0', '0', '0', '0', '1');
INSERT INTO `pms_product_attribute` VALUES ('21', '0', '适用对象3', '2', '1', '青年女性,中年女性', '0', '0', '0', '0', '0', '1');
INSERT INTO `pms_product_attribute` VALUES ('24', '1', '商品编号', '1', '0', '', '0', '0', '0', '0', '0', '1');
INSERT INTO `pms_product_attribute` VALUES ('25', '1', '适用季节', '1', '1', '春季,夏季,秋季,冬季', '0', '0', '0', '0', '0', '1');
INSERT INTO `pms_product_attribute` VALUES ('32', '2', '适用人群', '0', '1', '老年,青年,中年', '0', '0', '0', '0', '0', '1');
INSERT INTO `pms_product_attribute` VALUES ('33', '2', '风格', '0', '1', '嘻哈风格,基础大众,商务正装', '0', '0', '0', '0', '0', '1');
INSERT INTO `pms_product_attribute` VALUES ('35', '2', '颜色', '0', '0', '', '100', '0', '0', '0', '1', '0');
INSERT INTO `pms_product_attribute` VALUES ('37', '1', '适用人群', '1', '1', '儿童,青年,中年,老年', '0', '0', '0', '0', '0', '1');
INSERT INTO `pms_product_attribute` VALUES ('38', '1', '上市时间', '1', '1', '2017年秋,2017年冬,2018年春,2018年夏', '0', '0', '0', '0', '0', '1');
INSERT INTO `pms_product_attribute` VALUES ('39', '1', '袖长', '1', '1', '短袖,长袖,中袖', '0', '0', '0', '0', '0', '1');
INSERT INTO `pms_product_attribute` VALUES ('40', '2', '尺码', '0', '1', '29,30,31,32,33,34', '0', '0', '0', '0', '0', '0');
INSERT INTO `pms_product_attribute` VALUES ('41', '2', '适用场景', '0', '1', '居家,运动,正装', '0', '0', '0', '0', '0', '1');
INSERT INTO `pms_product_attribute` VALUES ('42', '2', '上市时间', '0', '1', '2018年春,2018年夏', '0', '0', '0', '0', '0', '1');
INSERT INTO `pms_product_attribute` VALUES ('43', '3', '颜色', '0', '0', '', '100', '0', '0', '0', '1', '0');
INSERT INTO `pms_product_attribute` VALUES ('44', '3', '容量', '0', '1', '16G,32G,64G,128G', '0', '0', '0', '0', '0', '0');
INSERT INTO `pms_product_attribute` VALUES ('45', '3', '屏幕尺寸', '0', '0', '', '0', '0', '0', '0', '0', '1');
INSERT INTO `pms_product_attribute` VALUES ('46', '3', '网络', '0', '1', '3G,4G', '0', '0', '0', '0', '0', '1');
INSERT INTO `pms_product_attribute` VALUES ('47', '3', '系统', '0', '1', 'Android,IOS', '0', '0', '0', '0', '0', '1');
INSERT INTO `pms_product_attribute` VALUES ('48', '3', '电池容量', '0', '0', '', '0', '0', '0', '0', '0', '1');

-- ----------------------------
-- Table structure for pms_product_attribute_category
-- ----------------------------
DROP TABLE IF EXISTS `pms_product_attribute_category`;
CREATE TABLE `pms_product_attribute_category` (
  `id` bigint(20) NOT NULL AUTO_INCREMENT,
  `name` varchar(64) DEFAULT NULL,
  `attribute_count` int(11) DEFAULT '0' COMMENT '属性数量',
  `param_count` int(11) DEFAULT '0' COMMENT '参数数量',
  PRIMARY KEY (`id`)
) ENGINE=InnoDB AUTO_INCREMENT=11 DEFAULT CHARSET=utf8 COMMENT='产品属性分类表';

-- ----------------------------
-- Records of pms_product_attribute_category
-- ----------------------------
INSERT INTO `pms_product_attribute_category` VALUES ('1', '服装-T恤', '2', '5');
INSERT INTO `pms_product_attribute_category` VALUES ('2', '服装-裤装', '2', '4');
INSERT INTO `pms_product_attribute_category` VALUES ('3', '手机数码-手机通讯', '2', '4');
INSERT INTO `pms_product_attribute_category` VALUES ('4', '配件', '0', '0');
INSERT INTO `pms_product_attribute_category` VALUES ('5', '居家', '0', '0');
INSERT INTO `pms_product_attribute_category` VALUES ('6', '洗护', '0', '0');
INSERT INTO `pms_product_attribute_category` VALUES ('10', '测试分类', '0', '0');

-- ----------------------------
-- Table structure for pms_product_attribute_value
-- ----------------------------
DROP TABLE IF EXISTS `pms_product_attribute_value`;
CREATE TABLE `pms_product_attribute_value` (
  `id` bigint(20) NOT NULL AUTO_INCREMENT,
  `product_id` bigint(20) DEFAULT NULL,
  `product_attribute_id` bigint(20) DEFAULT NULL,
  `value` varchar(64) DEFAULT NULL COMMENT '手动添加规格或参数的值，参数单值，规格有多个时以逗号隔开',
  PRIMARY KEY (`id`)
) ENGINE=InnoDB AUTO_INCREMENT=228 DEFAULT CHARSET=utf8 COMMENT='存储产品参数信息的表';

-- ----------------------------
-- Records of pms_product_attribute_value
-- ----------------------------
INSERT INTO `pms_product_attribute_value` VALUES ('1', '9', '1', 'X');
INSERT INTO `pms_product_attribute_value` VALUES ('2', '10', '1', 'X');
INSERT INTO `pms_product_attribute_value` VALUES ('3', '11', '1', 'X');
INSERT INTO `pms_product_attribute_value` VALUES ('4', '12', '1', 'X');
INSERT INTO `pms_product_attribute_value` VALUES ('5', '13', '1', 'X');
INSERT INTO `pms_product_attribute_value` VALUES ('6', '14', '1', 'X');
INSERT INTO `pms_product_attribute_value` VALUES ('7', '18', '1', 'X');
INSERT INTO `pms_product_attribute_value` VALUES ('8', '7', '1', 'X');
INSERT INTO `pms_product_attribute_value` VALUES ('9', '7', '1', 'XL');
INSERT INTO `pms_product_attribute_value` VALUES ('10', '7', '1', 'XXL');
INSERT INTO `pms_product_attribute_value` VALUES ('11', '22', '7', 'x,xx');
INSERT INTO `pms_product_attribute_value` VALUES ('12', '22', '24', 'no110');
INSERT INTO `pms_product_attribute_value` VALUES ('13', '22', '25', '春季');
INSERT INTO `pms_product_attribute_value` VALUES ('14', '22', '37', '青年');
INSERT INTO `pms_product_attribute_value` VALUES ('15', '22', '38', '2018年春');
INSERT INTO `pms_product_attribute_value` VALUES ('16', '22', '39', '长袖');
INSERT INTO `pms_product_attribute_value` VALUES ('124', '23', '7', '米白色,浅黄色');
INSERT INTO `pms_product_attribute_value` VALUES ('125', '23', '24', 'no1098');
INSERT INTO `pms_product_attribute_value` VALUES ('126', '23', '25', '春季');
INSERT INTO `pms_product_attribute_value` VALUES ('127', '23', '37', '青年');
INSERT INTO `pms_product_attribute_value` VALUES ('128', '23', '38', '2018年春');
INSERT INTO `pms_product_attribute_value` VALUES ('129', '23', '39', '长袖');
INSERT INTO `pms_product_attribute_value` VALUES ('130', '1', '13', null);
INSERT INTO `pms_product_attribute_value` VALUES ('131', '1', '14', null);
INSERT INTO `pms_product_attribute_value` VALUES ('132', '1', '15', null);
INSERT INTO `pms_product_attribute_value` VALUES ('133', '1', '16', null);
INSERT INTO `pms_product_attribute_value` VALUES ('134', '1', '17', null);
INSERT INTO `pms_product_attribute_value` VALUES ('135', '1', '18', null);
INSERT INTO `pms_product_attribute_value` VALUES ('136', '1', '19', null);
INSERT INTO `pms_product_attribute_value` VALUES ('137', '1', '20', null);
INSERT INTO `pms_product_attribute_value` VALUES ('138', '1', '21', null);
INSERT INTO `pms_product_attribute_value` VALUES ('139', '2', '13', null);
INSERT INTO `pms_product_attribute_value` VALUES ('140', '2', '14', null);
INSERT INTO `pms_product_attribute_value` VALUES ('141', '2', '15', null);
INSERT INTO `pms_product_attribute_value` VALUES ('142', '2', '16', null);
INSERT INTO `pms_product_attribute_value` VALUES ('143', '2', '17', null);
INSERT INTO `pms_product_attribute_value` VALUES ('144', '2', '18', null);
INSERT INTO `pms_product_attribute_value` VALUES ('145', '2', '19', null);
INSERT INTO `pms_product_attribute_value` VALUES ('146', '2', '20', null);
INSERT INTO `pms_product_attribute_value` VALUES ('147', '2', '21', null);
INSERT INTO `pms_product_attribute_value` VALUES ('183', '31', '24', null);
INSERT INTO `pms_product_attribute_value` VALUES ('184', '31', '25', '夏季');
INSERT INTO `pms_product_attribute_value` VALUES ('185', '31', '37', '青年');
INSERT INTO `pms_product_attribute_value` VALUES ('186', '31', '38', '2018年夏');
INSERT INTO `pms_product_attribute_value` VALUES ('187', '31', '39', '短袖');
INSERT INTO `pms_product_attribute_value` VALUES ('198', '30', '24', null);
INSERT INTO `pms_product_attribute_value` VALUES ('199', '30', '25', '夏季');
INSERT INTO `pms_product_attribute_value` VALUES ('200', '30', '37', '青年');
INSERT INTO `pms_product_attribute_value` VALUES ('201', '30', '38', '2018年夏');
INSERT INTO `pms_product_attribute_value` VALUES ('202', '30', '39', '短袖');
INSERT INTO `pms_product_attribute_value` VALUES ('203', '26', '43', '金色,银色');
INSERT INTO `pms_product_attribute_value` VALUES ('204', '26', '45', '5.0');
INSERT INTO `pms_product_attribute_value` VALUES ('205', '26', '46', '4G');
INSERT INTO `pms_product_attribute_value` VALUES ('206', '26', '47', 'Android');
INSERT INTO `pms_product_attribute_value` VALUES ('207', '26', '48', '3000');
INSERT INTO `pms_product_attribute_value` VALUES ('213', '27', '43', '黑色,蓝色');
INSERT INTO `pms_product_attribute_value` VALUES ('214', '27', '45', '5.8');
INSERT INTO `pms_product_attribute_value` VALUES ('215', '27', '46', '4G');
INSERT INTO `pms_product_attribute_value` VALUES ('216', '27', '47', 'Android');
INSERT INTO `pms_product_attribute_value` VALUES ('217', '27', '48', '3000ml');
INSERT INTO `pms_product_attribute_value` VALUES ('218', '28', '43', '金色,银色');
INSERT INTO `pms_product_attribute_value` VALUES ('219', '28', '45', '5.0');
INSERT INTO `pms_product_attribute_value` VALUES ('220', '28', '46', '4G');
INSERT INTO `pms_product_attribute_value` VALUES ('221', '28', '47', 'Android');
INSERT INTO `pms_product_attribute_value` VALUES ('222', '28', '48', '2800ml');
INSERT INTO `pms_product_attribute_value` VALUES ('223', '29', '43', '金色,银色');
INSERT INTO `pms_product_attribute_value` VALUES ('224', '29', '45', '4.7');
INSERT INTO `pms_product_attribute_value` VALUES ('225', '29', '46', '4G');
INSERT INTO `pms_product_attribute_value` VALUES ('226', '29', '47', 'IOS');
INSERT INTO `pms_product_attribute_value` VALUES ('227', '29', '48', '1960ml');

-- ----------------------------
-- Table structure for pms_product_category
-- ----------------------------
DROP TABLE IF EXISTS `pms_product_category`;
CREATE TABLE `pms_product_category` (
  `id` bigint(20) NOT NULL AUTO_INCREMENT,
  `parent_id` bigint(20) DEFAULT NULL COMMENT '上机分类的编号：0表示一级分类',
  `name` varchar(64) DEFAULT NULL,
  `level` int(1) DEFAULT NULL COMMENT '分类级别：0->1级；1->2级',
  `product_count` int(11) DEFAULT NULL,
  `product_unit` varchar(64) DEFAULT NULL,
  `nav_status` int(1) DEFAULT NULL COMMENT '是否显示在导航栏：0->不显示；1->显示',
  `show_status` int(1) DEFAULT NULL COMMENT '显示状态：0->不显示；1->显示',
  `sort` int(11) DEFAULT NULL,
  `icon` varchar(255) DEFAULT NULL COMMENT '图标',
  `keywords` varchar(255) DEFAULT NULL,
  `description` text COMMENT '描述',
  PRIMARY KEY (`id`)
) ENGINE=InnoDB AUTO_INCREMENT=53 DEFAULT CHARSET=utf8 COMMENT='产品分类';

-- ----------------------------
-- Records of pms_product_category
-- ----------------------------
INSERT INTO `pms_product_category` VALUES ('1', '0', '服装', '0', '100', '件', '1', '1', '1', null, '服装', '服装分类');
INSERT INTO `pms_product_category` VALUES ('2', '0', '手机数码', '0', '100', '件', '1', '1', '1', null, '手机数码', '手机数码');
INSERT INTO `pms_product_category` VALUES ('3', '0', '家用电器', '0', '100', '件', '1', '1', '1', 'http://macro-oss.oss-cn-shenzhen.aliyuncs.com/mall/images/20190129/subject_cate_jiadian.png', '家用电器', '家用电器');
INSERT INTO `pms_product_category` VALUES ('4', '0', '家具家装', '0', '100', '件', '1', '1', '1', null, '家具家装', '家具家装');
INSERT INTO `pms_product_category` VALUES ('5', '0', '汽车用品', '0', '100', '件', '1', '1', '1', null, '汽车用品', '汽车用品');
INSERT INTO `pms_product_category` VALUES ('7', '1', '外套', '1', '100', '件', '1', '1', '0', 'http://macro-oss.oss-cn-shenzhen.aliyuncs.com/mall/images/20190129/product_cate_waitao.png', '外套', '外套');
INSERT INTO `pms_product_category` VALUES ('8', '1', 'T恤', '1', '100', '件', '1', '1', '0', 'http://macro-oss.oss-cn-shenzhen.aliyuncs.com/mall/images/20190129/product_cate_tshirt.png', 'T恤', 'T恤');
INSERT INTO `pms_product_category` VALUES ('9', '1', '休闲裤', '1', '100', '件', '1', '1', '0', 'http://macro-oss.oss-cn-shenzhen.aliyuncs.com/mall/images/20190129/product_cate_xiuxianku.png', '休闲裤', '休闲裤');
INSERT INTO `pms_product_category` VALUES ('10', '1', '牛仔裤', '1', '100', '件', '1', '1', '0', 'http://macro-oss.oss-cn-shenzhen.aliyuncs.com/mall/images/20190129/product_cate_niuzaiku.png', '牛仔裤', '牛仔裤');
INSERT INTO `pms_product_category` VALUES ('11', '1', '衬衫', '1', '100', '件', '1', '1', '0', 'http://macro-oss.oss-cn-shenzhen.aliyuncs.com/mall/images/20190129/product_cate_chenshan.png', '衬衫', '衬衫分类');
INSERT INTO `pms_product_category` VALUES ('13', '12', '家电子分类1', '1', '1', 'string', '0', '1', '0', 'string', 'string', 'string');
INSERT INTO `pms_product_category` VALUES ('14', '12', '家电子分类2', '1', '1', 'string', '0', '1', '0', 'string', 'string', 'string');
INSERT INTO `pms_product_category` VALUES ('19', '2', '手机通讯', '1', '0', '件', '1', '1', '0', 'http://macro-oss.oss-cn-shenzhen.aliyuncs.com/mall/images/20190129/product_cate_shouji.png', '手机通讯', '手机通讯');
INSERT INTO `pms_product_category` VALUES ('29', '1', '男鞋', '1', '0', '', '0', '0', '0', 'http://macro-oss.oss-cn-shenzhen.aliyuncs.com/mall/images/20190129/product_cate_xie.png', '', '');
INSERT INTO `pms_product_category` VALUES ('30', '2', '手机配件', '1', '0', '', '1', '1', '0', 'http://macro-oss.oss-cn-shenzhen.aliyuncs.com/mall/images/20190129/product_cate_peijian.png', '手机配件', '手机配件');
INSERT INTO `pms_product_category` VALUES ('31', '2', '摄影摄像', '1', '0', '', '1', '1', '0', 'http://macro-oss.oss-cn-shenzhen.aliyuncs.com/mall/images/20190129/product_cate_sheying.png', '', '');
INSERT INTO `pms_product_category` VALUES ('32', '2', '影音娱乐', '1', '0', '', '1', '1', '0', 'http://macro-oss.oss-cn-shenzhen.aliyuncs.com/mall/images/20190129/product_cate_yule.png', '', '');
INSERT INTO `pms_product_category` VALUES ('33', '2', '数码配件', '1', '0', '', '1', '1', '0', 'http://macro-oss.oss-cn-shenzhen.aliyuncs.com/mall/images/20190129/product_cate_yule.png', '', '');
INSERT INTO `pms_product_category` VALUES ('34', '2', '智能设备', '1', '0', '', '1', '1', '0', 'http://macro-oss.oss-cn-shenzhen.aliyuncs.com/mall/images/20190129/product_cate_zhineng.png', '', '');
INSERT INTO `pms_product_category` VALUES ('35', '3', '电视', '1', '0', '', '1', '1', '0', '', '', '');
INSERT INTO `pms_product_category` VALUES ('36', '3', '空调', '1', '0', '', '1', '1', '0', '', '', '');
INSERT INTO `pms_product_category` VALUES ('37', '3', '洗衣机', '1', '0', '', '1', '1', '0', '', '', '');
INSERT INTO `pms_product_category` VALUES ('38', '3', '冰箱', '1', '0', '', '1', '1', '0', '', '', '');
INSERT INTO `pms_product_category` VALUES ('39', '3', '厨卫大电', '1', '0', '', '1', '1', '0', '', '', '');
INSERT INTO `pms_product_category` VALUES ('40', '3', '厨房小电', '1', '0', '', '0', '0', '0', '', '', '');
INSERT INTO `pms_product_category` VALUES ('41', '3', '生活电器', '1', '0', '', '0', '0', '0', '', '', '');
INSERT INTO `pms_product_category` VALUES ('42', '3', '个护健康', '1', '0', '', '0', '0', '0', '', '', '');
INSERT INTO `pms_product_category` VALUES ('43', '4', '厨房卫浴', '1', '0', '', '1', '1', '0', '', '', '');
INSERT INTO `pms_product_category` VALUES ('44', '4', '灯饰照明', '1', '0', '', '1', '1', '0', '', '', '');
INSERT INTO `pms_product_category` VALUES ('45', '4', '五金工具', '1', '0', '', '1', '1', '0', '', '', '');
INSERT INTO `pms_product_category` VALUES ('46', '4', '卧室家具', '1', '0', '', '1', '1', '0', '', '', '');
INSERT INTO `pms_product_category` VALUES ('47', '4', '客厅家具', '1', '0', '', '1', '1', '0', '', '', '');
INSERT INTO `pms_product_category` VALUES ('48', '5', '全新整车', '1', '0', '', '1', '1', '0', '', '', '');
INSERT INTO `pms_product_category` VALUES ('49', '5', '车载电器', '1', '0', '', '1', '1', '0', '', '', '');
INSERT INTO `pms_product_category` VALUES ('50', '5', '维修保养', '1', '0', '', '1', '1', '0', '', '', '');
INSERT INTO `pms_product_category` VALUES ('51', '5', '汽车装饰', '1', '0', '', '1', '1', '0', '', '', '');

-- ----------------------------
-- Table structure for ums_admin
-- ----------------------------
DROP TABLE IF EXISTS `ums_admin`;
CREATE TABLE `ums_admin` (
  `id` bigint(20) NOT NULL AUTO_INCREMENT,
  `username` varchar(64) DEFAULT NULL,
  `password` varchar(64) DEFAULT NULL,
  `icon` varchar(500) DEFAULT NULL COMMENT '头像',
  `email` varchar(100) DEFAULT NULL COMMENT '邮箱',
  `nick_name` varchar(200) DEFAULT NULL COMMENT '昵称',
  `note` varchar(500) DEFAULT NULL COMMENT '备注信息',
  `create_time` datetime DEFAULT NULL COMMENT '创建时间',
  `login_time` datetime DEFAULT NULL COMMENT '最后登录时间',
  `status` int(1) DEFAULT '1' COMMENT '帐号启用状态：0->禁用；1->启用',
  PRIMARY KEY (`id`)
) ENGINE=InnoDB AUTO_INCREMENT=5 DEFAULT CHARSET=utf8 COMMENT='后台用户表';

-- ----------------------------
-- Records of ums_admin
-- ----------------------------
INSERT INTO `ums_admin` VALUES ('1', 'test', '$2a$10$NZ5o7r2E.ayT2ZoxgjlI.eJ6OEYqjH7INR/F.mXDbjZJi9HF0YCVG', 'http://macro-oss.oss-cn-shenzhen.aliyuncs.com/mall/images/20180607/timg.jpg', null, '测试账号', null, '2018-09-29 13:55:30', '2018-09-29 13:55:39', '1');
INSERT INTO `ums_admin` VALUES ('3', 'admin', '$2a$10$NZ5o7r2E.ayT2ZoxgjlI.eJ6OEYqjH7INR/F.mXDbjZJi9HF0YCVG', 'http://macro-oss.oss-cn-shenzhen.aliyuncs.com/mall/images/20190129/170157_yIl3_1767531.jpg', 'admin@163.com', '系统管理员', '系统管理员', '2018-10-08 13:32:47', '2019-03-20 15:38:50', '1');

-- ----------------------------
-- Table structure for ums_admin_permission_relation
-- ----------------------------
DROP TABLE IF EXISTS `ums_admin_permission_relation`;
CREATE TABLE `ums_admin_permission_relation` (
  `id` bigint(20) NOT NULL AUTO_INCREMENT,
  `admin_id` bigint(20) DEFAULT NULL,
  `permission_id` bigint(20) DEFAULT NULL,
  `type` int(1) DEFAULT NULL,
  PRIMARY KEY (`id`)
) ENGINE=InnoDB DEFAULT CHARSET=utf8 COMMENT='后台用户和权限关系表(除角色中定义的权限以外的加减权限)';

-- ----------------------------
-- Records of ums_admin_permission_relation
-- ----------------------------

-- ----------------------------
-- Table structure for ums_admin_role_relation
-- ----------------------------
DROP TABLE IF EXISTS `ums_admin_role_relation`;
CREATE TABLE `ums_admin_role_relation` (
  `id` bigint(20) NOT NULL AUTO_INCREMENT,
  `admin_id` bigint(20) DEFAULT NULL,
  `role_id` bigint(20) DEFAULT NULL,
  PRIMARY KEY (`id`)
) ENGINE=InnoDB AUTO_INCREMENT=17 DEFAULT CHARSET=utf8 COMMENT='后台用户和角色关系表';

-- ----------------------------
-- Records of ums_admin_role_relation
-- ----------------------------
INSERT INTO `ums_admin_role_relation` VALUES ('13', '3', '1');
INSERT INTO `ums_admin_role_relation` VALUES ('15', '3', '2');
INSERT INTO `ums_admin_role_relation` VALUES ('16', '3', '4');

-- ----------------------------
-- Table structure for ums_permission
-- ----------------------------
DROP TABLE IF EXISTS `ums_permission`;
CREATE TABLE `ums_permission` (
  `id` bigint(20) NOT NULL AUTO_INCREMENT,
  `pid` bigint(20) DEFAULT NULL COMMENT '父级权限id',
  `name` varchar(100) DEFAULT NULL COMMENT '名称',
  `value` varchar(200) DEFAULT NULL COMMENT '权限值',
  `icon` varchar(500) DEFAULT NULL COMMENT '图标',
  `type` int(1) DEFAULT NULL COMMENT '权限类型：0->目录；1->菜单；2->按钮（接口绑定权限）',
  `uri` varchar(200) DEFAULT NULL COMMENT '前端资源路径',
  `status` int(1) DEFAULT NULL COMMENT '启用状态；0->禁用；1->启用',
  `create_time` datetime DEFAULT NULL COMMENT '创建时间',
  `sort` int(11) DEFAULT NULL COMMENT '排序',
  PRIMARY KEY (`id`)
) ENGINE=InnoDB AUTO_INCREMENT=19 DEFAULT CHARSET=utf8 COMMENT='后台用户权限表';

-- ----------------------------
-- Records of ums_permission
-- ----------------------------
INSERT INTO `ums_permission` VALUES ('1', '0', '商品', null, null, '0', null, '1', '2018-09-29 16:15:14', '0');
INSERT INTO `ums_permission` VALUES ('2', '1', '商品列表', 'pms:product:read', null, '1', '/pms/product/index', '1', '2018-09-29 16:17:01', '0');
INSERT INTO `ums_permission` VALUES ('3', '1', '添加商品', 'pms:product:create', null, '1', '/pms/product/add', '1', '2018-09-29 16:18:51', '0');
INSERT INTO `ums_permission` VALUES ('4', '1', '商品分类', 'pms:productCategory:read', null, '1', '/pms/productCate/index', '1', '2018-09-29 16:23:07', '0');
INSERT INTO `ums_permission` VALUES ('5', '1', '商品类型', 'pms:productAttribute:read', null, '1', '/pms/productAttr/index', '1', '2018-09-29 16:24:43', '0');
INSERT INTO `ums_permission` VALUES ('6', '1', '品牌管理', 'pms:brand:read', null, '1', '/pms/brand/index', '1', '2018-09-29 16:25:45', '0');
INSERT INTO `ums_permission` VALUES ('7', '2', '编辑商品', 'pms:product:update', null, '2', '/pms/product/updateProduct', '1', '2018-09-29 16:34:23', '0');
INSERT INTO `ums_permission` VALUES ('8', '2', '删除商品', 'pms:product:delete', null, '2', '/pms/product/delete', '1', '2018-09-29 16:38:33', '0');
INSERT INTO `ums_permission` VALUES ('9', '4', '添加商品分类', 'pms:productCategory:create', null, '2', '/pms/productCate/create', '1', '2018-09-29 16:43:23', '0');
INSERT INTO `ums_permission` VALUES ('10', '4', '修改商品分类', 'pms:productCategory:update', null, '2', '/pms/productCate/update', '1', '2018-09-29 16:43:55', '0');
INSERT INTO `ums_permission` VALUES ('11', '4', '删除商品分类', 'pms:productCategory:delete', null, '2', '/pms/productAttr/delete', '1', '2018-09-29 16:44:38', '0');
INSERT INTO `ums_permission` VALUES ('12', '5', '添加商品类型', 'pms:productAttribute:create', null, '2', '/pms/productAttr/create', '1', '2018-09-29 16:45:25', '0');
INSERT INTO `ums_permission` VALUES ('13', '5', '修改商品类型', 'pms:productAttribute:update', null, '2', '/pms/productAttr/update', '1', '2018-09-29 16:48:08', '0');
INSERT INTO `ums_permission` VALUES ('14', '5', '删除商品类型', 'pms:productAttribute:delete', null, '2', '/pms/productAttr/delete', '1', '2018-09-29 16:48:44', '0');
INSERT INTO `ums_permission` VALUES ('15', '6', '添加品牌', 'pms:brand:create', null, '2', '/pms/brand/add', '1', '2018-09-29 16:49:34', '0');
INSERT INTO `ums_permission` VALUES ('16', '6', '修改品牌', 'pms:brand:update', null, '2', '/pms/brand/update', '1', '2018-09-29 16:50:55', '0');
INSERT INTO `ums_permission` VALUES ('17', '6', '删除品牌', 'pms:brand:delete', null, '2', '/pms/brand/delete', '1', '2018-09-29 16:50:59', '0');
INSERT INTO `ums_permission` VALUES ('18', '0', '首页', null, null, '0', null, '1', '2018-09-29 16:51:57', '0');

-- ----------------------------
-- Table structure for ums_role
-- ----------------------------
DROP TABLE IF EXISTS `ums_role`;
CREATE TABLE `ums_role` (
  `id` bigint(20) NOT NULL AUTO_INCREMENT,
  `name` varchar(100) DEFAULT NULL COMMENT '名称',
  `description` varchar(500) DEFAULT NULL COMMENT '描述',
  `admin_count` int(11) DEFAULT NULL COMMENT '后台用户数量',
  `create_time` datetime DEFAULT NULL COMMENT '创建时间',
  `status` int(1) DEFAULT '1' COMMENT '启用状态：0->禁用；1->启用',
  `sort` int(11) DEFAULT '0',
  PRIMARY KEY (`id`)
) ENGINE=InnoDB AUTO_INCREMENT=5 DEFAULT CHARSET=utf8 COMMENT='后台用户角色表';

-- ----------------------------
-- Records of ums_role
-- ----------------------------
INSERT INTO `ums_role` VALUES ('1', '商品管理员', '商品管理员', '0', '2018-09-30 15:46:11', '1', '0');
INSERT INTO `ums_role` VALUES ('2', '商品分类管理员', '商品分类管理员', '0', '2018-09-30 15:53:45', '1', '0');
INSERT INTO `ums_role` VALUES ('3', '商品类型管理员', '商品类型管理员', '0', '2018-09-30 15:53:56', '1', '0');
INSERT INTO `ums_role` VALUES ('4', '品牌管理员', '品牌管理员', '0', '2018-09-30 15:54:12', '1', '0');

-- ----------------------------
-- Table structure for ums_role_permission_relation
-- ----------------------------
DROP TABLE IF EXISTS `ums_role_permission_relation`;
CREATE TABLE `ums_role_permission_relation` (
  `id` bigint(20) NOT NULL AUTO_INCREMENT,
  `role_id` bigint(20) DEFAULT NULL,
  `permission_id` bigint(20) DEFAULT NULL,
  PRIMARY KEY (`id`)
) ENGINE=InnoDB AUTO_INCREMENT=18 DEFAULT CHARSET=utf8 COMMENT='后台用户角色和权限关系表';

-- ----------------------------
-- Records of ums_role_permission_relation
-- ----------------------------
INSERT INTO `ums_role_permission_relation` VALUES ('1', '1', '1');
INSERT INTO `ums_role_permission_relation` VALUES ('2', '1', '2');
INSERT INTO `ums_role_permission_relation` VALUES ('3', '1', '3');
INSERT INTO `ums_role_permission_relation` VALUES ('4', '1', '7');
INSERT INTO `ums_role_permission_relation` VALUES ('5', '1', '8');
INSERT INTO `ums_role_permission_relation` VALUES ('6', '2', '4');
INSERT INTO `ums_role_permission_relation` VALUES ('7', '2', '9');
INSERT INTO `ums_role_permission_relation` VALUES ('8', '2', '10');
INSERT INTO `ums_role_permission_relation` VALUES ('9', '2', '11');
INSERT INTO `ums_role_permission_relation` VALUES ('10', '3', '5');
INSERT INTO `ums_role_permission_relation` VALUES ('11', '3', '12');
INSERT INTO `ums_role_permission_relation` VALUES ('12', '3', '13');
INSERT INTO `ums_role_permission_relation` VALUES ('13', '3', '14');
INSERT INTO `ums_role_permission_relation` VALUES ('14', '4', '6');
INSERT INTO `ums_role_permission_relation` VALUES ('15', '4', '15');
INSERT INTO `ums_role_permission_relation` VALUES ('16', '4', '16');
INSERT INTO `ums_role_permission_relation` VALUES ('17', '4', '17');
